dataset,case_id,label,split,sample_group,claim_characters,claim_whitespace_tokens,evidence_characters,evidence_whitespace_tokens,evidence_units,rendered_prompt_characters
AVeriTeC,0,conflicting,train,Conflicting-train,66,11,733,126,5,2772
AVeriTeC,1,refute,dev,Refuted,85,14,1172,192,3,3230
AVeriTeC,2,conflicting,train,Conflicting-train,127,16,1218,225,7,3318
AVeriTeC,3,conflicting,train,Conflicting-train,179,28,1911,309,4,4063
AVeriTeC,4,conflicting,train,Conflicting-train,138,20,503,91,3,2614
AVeriTeC,5,insufficient,dev,Not Enough Evidence,106,19,1971,320,3,4050
AVeriTeC,6,conflicting,dev,Conflicting-dev-all,122,17,414,72,3,2509
AVeriTeC,7,refute,dev,Refuted,51,8,2829,460,2,4853
AVeriTeC,8,conflicting,dev,Conflicting-dev-all,171,30,731,130,3,2875
AVeriTeC,9,support,dev,Supported,77,13,205,33,1,2255
AVeriTeC,10,conflicting,train,Conflicting-train,97,15,441,77,3,2511
AVeriTeC,11,support,dev,Supported,62,9,71,12,1,2106
AVeriTeC,12,conflicting,dev,Conflicting-dev-all,64,10,930,161,3,2967
AVeriTeC,13,conflicting,train,Conflicting-train,99,16,890,139,3,2962
AVeriTeC,14,conflicting,train,Conflicting-train,69,9,1188,194,4,3230
AVeriTeC,15,conflicting,train,Conflicting-train,153,28,1482,240,7,3608
AVeriTeC,16,conflicting,dev,Conflicting-dev-all,91,15,778,133,2,2842
AVeriTeC,17,conflicting,train,Conflicting-train,98,15,1016,174,3,3087
AVeriTeC,18,support,dev,Supported,153,26,1038,164,7,3164
AVeriTeC,19,conflicting,train,Conflicting-train,195,33,509,100,3,2677
AVeriTeC,20,conflicting,train,Conflicting-train,85,12,1179,183,3,3237
AVeriTeC,21,refute,dev,Refuted,201,27,351,59,1,2525
AVeriTeC,22,insufficient,dev,Not Enough Evidence,92,17,395,67,2,2460
AVeriTeC,23,conflicting,train,Conflicting-train,52,7,528,91,2,2553
AVeriTeC,24,conflicting,train,Conflicting-train,62,8,2558,359,4,4593
AVeriTeC,25,insufficient,dev,Not Enough Evidence,279,53,159,34,2,2411
AVeriTeC,26,conflicting,train,Conflicting-train,84,14,767,132,2,2824
AVeriTeC,27,insufficient,dev,Not Enough Evidence,95,17,120,23,1,2188
AVeriTeC,28,conflicting,train,Conflicting-train,178,30,423,75,2,2574
AVeriTeC,29,refute,dev,Refuted,78,12,1121,179,3,3172
AVeriTeC,30,support,dev,Supported,128,20,502,84,3,2603
AVeriTeC,31,conflicting,dev,Conflicting-dev-all,108,16,1471,254,4,3552
AVeriTeC,32,conflicting,train,Conflicting-train,86,14,1728,260,4,3787
AVeriTeC,33,conflicting,train,Conflicting-train,178,31,1048,170,4,3199
AVeriTeC,34,conflicting,dev,Conflicting-dev-all,57,10,638,101,1,2668
AVeriTeC,35,conflicting,train,Conflicting-train,89,15,2532,441,6,4594
AVeriTeC,36,refute,dev,Refuted,69,11,272,42,2,2314
AVeriTeC,37,conflicting,train,Conflicting-train,51,8,3396,586,4,5420
AVeriTeC,38,insufficient,dev,Not Enough Evidence,134,21,796,132,3,2903
AVeriTeC,39,conflicting,train,Conflicting-train,83,12,1049,180,4,3105
AVeriTeC,40,conflicting,train,Conflicting-train,105,20,1038,179,3,3116
AVeriTeC,41,refute,dev,Refuted,64,10,562,91,2,2599
AVeriTeC,42,refute,dev,Refuted,181,31,176,29,1,2330
AVeriTeC,43,refute,dev,Refuted,37,6,2238,404,4,4248
AVeriTeC,44,conflicting,train,Conflicting-train,132,19,427,64,4,2532
AVeriTeC,45,support,dev,Supported,86,15,359,62,3,2418
AVeriTeC,46,conflicting,dev,Conflicting-dev-all,155,29,2289,419,7,4417
AVeriTeC,47,conflicting,train,Conflicting-train,51,8,171,30,1,2195
AVeriTeC,48,conflicting,train,Conflicting-train,76,13,321,49,1,2370
AVeriTeC,49,insufficient,dev,Not Enough Evidence,131,24,1043,183,2,3147
AVeriTeC,50,refute,dev,Refuted,114,19,2224,376,2,4311
AVeriTeC,51,insufficient,dev,Not Enough Evidence,64,13,710,114,3,2747
AVeriTeC,52,refute,dev,Refuted,44,7,864,152,5,2881
AVeriTeC,53,support,dev,Supported,88,13,1576,260,7,3637
AVeriTeC,54,conflicting,dev,Conflicting-dev-all,105,18,1451,240,4,3529
AVeriTeC,55,insufficient,dev,Not Enough Evidence,42,6,461,70,2,2476
AVeriTeC,56,conflicting,train,Conflicting-train,57,8,392,71,1,2422
AVeriTeC,57,support,dev,Supported,56,9,563,93,5,2592
AVeriTeC,58,conflicting,train,Conflicting-train,124,19,2552,429,6,4649
AVeriTeC,59,insufficient,dev,Not Enough Evidence,109,18,432,80,2,2514
AVeriTeC,60,support,dev,Supported,56,9,292,45,2,2321
AVeriTeC,61,refute,dev,Refuted,66,11,273,49,2,2312
AVeriTeC,62,support,dev,Supported,82,14,1270,209,1,3325
AVeriTeC,63,conflicting,dev,Conflicting-dev-all,161,27,1209,206,2,3343
AVeriTeC,64,conflicting,train,Conflicting-train,34,6,2711,444,5,4718
AVeriTeC,65,refute,dev,Refuted,161,25,164,26,2,2298
AVeriTeC,66,conflicting,train,Conflicting-train,78,10,1035,182,3,3086
AVeriTeC,67,conflicting,dev,Conflicting-dev-all,97,17,1210,193,3,3280
AVeriTeC,68,support,dev,Supported,105,19,153,29,2,2231
AVeriTeC,69,conflicting,dev,Conflicting-dev-all,25,4,2184,357,4,4182
AVeriTeC,70,conflicting,train,Conflicting-train,67,10,739,130,2,2779
AVeriTeC,71,support,dev,Supported,214,43,220,43,2,2407
AVeriTeC,72,support,dev,Supported,82,12,380,58,2,2435
AVeriTeC,73,refute,dev,Refuted,68,13,427,72,2,2468
AVeriTeC,74,conflicting,dev,Conflicting-dev-all,259,42,1885,300,3,4117
AVeriTeC,75,conflicting,train,Conflicting-train,73,19,1979,361,10,4025
AVeriTeC,76,insufficient,dev,Not Enough Evidence,210,32,664,107,2,2847
AVeriTeC,77,support,dev,Supported,114,18,615,105,4,2702
AVeriTeC,78,refute,dev,Refuted,68,13,273,48,2,2314
AVeriTeC,79,conflicting,dev,Conflicting-dev-all,157,25,708,117,2,2838
AVeriTeC,80,support,dev,Supported,57,9,459,74,4,2489
AVeriTeC,81,conflicting,train,Conflicting-train,66,8,765,120,2,2804
AVeriTeC,82,support,dev,Supported,101,15,370,59,1,2444
AVeriTeC,83,refute,dev,Refuted,103,16,1687,275,3,3763
AVeriTeC,84,conflicting,train,Conflicting-train,110,17,1415,240,12,3498
AVeriTeC,85,refute,dev,Refuted,126,21,1136,198,5,3235
AVeriTeC,86,support,dev,Supported,61,9,260,41,1,2294
AVeriTeC,87,conflicting,train,Conflicting-train,149,28,1218,208,4,3340
AVeriTeC,88,insufficient,dev,Not Enough Evidence,100,17,317,60,3,2390
AVeriTeC,89,conflicting,train,Conflicting-train,228,37,1757,303,5,3958
AVeriTeC,90,refute,dev,Refuted,117,17,538,85,3,2628
AVeriTeC,91,insufficient,dev,Not Enough Evidence,59,11,257,46,2,2289
AVeriTeC,92,conflicting,train,Conflicting-train,127,21,1995,332,5,4095
AVeriTeC,93,refute,dev,Refuted,68,12,325,56,1,2366
AVeriTeC,94,conflicting,train,Conflicting-train,62,11,2058,375,5,4093
AVeriTeC,95,conflicting,train,Conflicting-train,104,20,739,113,3,2816
AVeriTeC,96,conflicting,train,Conflicting-train,37,5,3362,594,2,5372
AVeriTeC,97,conflicting,train,Conflicting-train,104,21,1324,241,2,3401
AVeriTeC,98,support,dev,Supported,79,14,329,60,1,2381
AVeriTeC,99,conflicting,dev,Conflicting-dev-all,93,16,219,39,2,2285
AVeriTeC,100,conflicting,train,Conflicting-train,63,13,837,156,4,2873
AVeriTeC,101,conflicting,train,Conflicting-train,57,9,1179,218,3,3209
AVeriTeC,102,refute,dev,Refuted,162,24,756,125,2,2891
AVeriTeC,103,conflicting,train,Conflicting-train,57,13,921,168,5,2951
AVeriTeC,104,support,dev,Supported,52,9,1145,193,3,3170
AVeriTeC,105,conflicting,dev,Conflicting-dev-all,75,16,1020,154,4,3068
AVeriTeC,106,insufficient,dev,Not Enough Evidence,73,14,2516,413,3,4562
AVeriTeC,107,conflicting,train,Conflicting-train,45,9,741,127,4,2759
AVeriTeC,108,conflicting,dev,Conflicting-dev-all,50,11,1118,211,2,3141
AVeriTeC,109,conflicting,dev,Conflicting-dev-all,39,6,1355,216,3,3367
AVeriTeC,110,support,dev,Supported,43,7,2491,424,4,4507
AVeriTeC,111,refute,dev,Refuted,201,32,530,95,3,2704
AVeriTeC,112,conflicting,train,Conflicting-train,35,6,129,22,1,2137
AVeriTeC,113,conflicting,dev,Conflicting-dev-all,128,21,625,103,3,2726
AVeriTeC,114,support,dev,Supported,153,29,339,62,3,2465
AVeriTeC,115,conflicting,train,Conflicting-train,61,10,1393,219,2,3427
AVeriTeC,116,conflicting,train,Conflicting-train,205,37,725,130,3,2903
AVeriTeC,117,support,dev,Supported,59,7,801,137,2,2833
AVeriTeC,118,conflicting,train,Conflicting-train,144,25,2087,343,4,4204
AVeriTeC,119,insufficient,dev,Not Enough Evidence,54,8,269,46,2,2296
AVeriTeC,120,conflicting,train,Conflicting-train,149,26,1295,218,3,3417
AVeriTeC,121,conflicting,dev,Conflicting-dev-all,390,66,419,72,2,2782
AVeriTeC,122,insufficient,dev,Not Enough Evidence,142,23,780,123,2,2895
AVeriTeC,123,support,dev,Supported,64,11,354,54,2,2391
AVeriTeC,124,conflicting,train,Conflicting-train,125,19,1618,266,4,3716
AVeriTeC,125,insufficient,dev,Not Enough Evidence,46,10,520,92,4,2539
AVeriTeC,126,conflicting,train,Conflicting-train,131,18,1686,270,6,3790
AVeriTeC,127,conflicting,dev,Conflicting-dev-all,140,25,780,125,2,2893
AVeriTeC,128,insufficient,dev,Not Enough Evidence,73,12,385,73,3,2431
AVeriTeC,129,support,dev,Supported,51,8,42,8,1,2066
AVeriTeC,130,conflicting,train,Conflicting-train,64,10,827,148,5,2864
AVeriTeC,131,support,dev,Supported,95,11,82,13,1,2150
AVeriTeC,132,conflicting,train,Conflicting-train,131,22,1964,352,9,4068
AVeriTeC,133,refute,dev,Refuted,82,13,771,126,4,2826
AVeriTeC,134,conflicting,dev,Conflicting-dev-all,73,15,730,135,4,2776
AVeriTeC,135,conflicting,train,Conflicting-train,86,17,697,111,3,2756
AVeriTeC,136,conflicting,train,Conflicting-train,99,16,713,123,1,2785
AVeriTeC,137,conflicting,train,Conflicting-train,76,12,398,63,2,2447
AVeriTeC,138,support,dev,Supported,85,13,237,41,1,2295
AVeriTeC,139,support,dev,Supported,85,16,288,53,3,2346
AVeriTeC,140,insufficient,dev,Not Enough Evidence,151,29,348,58,2,2472
AVeriTeC,141,conflicting,train,Conflicting-train,132,22,1930,303,5,4035
AVeriTeC,142,support,dev,Supported,163,26,685,117,3,2821
AVeriTeC,143,conflicting,train,Conflicting-train,88,14,467,82,4,2528
AVeriTeC,144,conflicting,train,Conflicting-train,157,27,800,133,3,2930
AVeriTeC,145,refute,dev,Refuted,182,29,617,98,2,2772
AVeriTeC,146,insufficient,dev,Not Enough Evidence,49,9,164,35,2,2186
AVeriTeC,147,conflicting,train,Conflicting-train,56,9,1988,326,5,4017
AVeriTeC,148,conflicting,train,Conflicting-train,70,13,2122,372,3,4165
AVeriTeC,149,conflicting,dev,Conflicting-dev-all,68,13,174,33,1,2215
AVeriTeC,150,refute,dev,Refuted,123,22,484,81,2,2580
AVeriTeC,151,insufficient,dev,Not Enough Evidence,143,23,711,132,4,2827
AVeriTeC,152,conflicting,train,Conflicting-train,47,6,1760,298,4,3780
AVeriTeC,153,insufficient,dev,Not Enough Evidence,54,12,398,69,2,2425
AVeriTeC,154,conflicting,train,Conflicting-train,79,13,251,46,2,2303
AVeriTeC,155,conflicting,dev,Conflicting-dev-all,101,16,3685,556,7,5759
AVeriTeC,156,insufficient,dev,Not Enough Evidence,62,9,256,43,2,2291
AVeriTeC,157,conflicting,dev,Conflicting-dev-all,48,9,1415,227,3,3436
AVeriTeC,158,refute,dev,Refuted,165,28,632,100,3,2770
AVeriTeC,159,conflicting,train,Conflicting-train,127,20,1757,273,6,3857
AVeriTeC,160,conflicting,train,Conflicting-train,72,10,1161,177,2,3206
AVeriTeC,161,conflicting,train,Conflicting-train,121,25,879,154,3,2973
AVeriTeC,162,conflicting,train,Conflicting-train,128,22,712,123,3,2813
AVeriTeC,163,conflicting,train,Conflicting-train,42,5,770,137,4,2785
AVeriTeC,164,conflicting,train,Conflicting-train,123,22,558,100,3,2654
AVeriTeC,165,refute,dev,Refuted,71,12,712,112,1,2756
AVeriTeC,166,conflicting,train,Conflicting-train,80,13,1129,202,1,3182
AVeriTeC,167,conflicting,train,Conflicting-train,78,14,1697,309,7,3748
AVeriTeC,168,refute,dev,Refuted,119,22,951,172,6,3043
AVeriTeC,169,conflicting,train,Conflicting-train,88,14,2261,335,5,4322
AVeriTeC,170,support,dev,Supported,162,25,1298,200,5,3433
AVeriTeC,171,conflicting,train,Conflicting-train,159,29,235,50,3,2367
AVeriTeC,172,refute,dev,Refuted,208,30,177,25,1,2358
AVeriTeC,173,refute,dev,Refuted,57,9,479,85,3,2509
AVeriTeC,174,support,dev,Supported,87,15,172,32,1,2232
AVeriTeC,175,support,dev,Supported,72,12,245,47,1,2290
AVeriTeC,176,conflicting,dev,Conflicting-dev-all,120,19,768,137,3,2861
AVeriTeC,177,refute,dev,Refuted,121,21,264,45,1,2358
AVeriTeC,178,conflicting,train,Conflicting-train,151,23,587,97,2,2711
AVeriTeC,179,conflicting,train,Conflicting-train,121,17,1733,299,4,3827
AVeriTeC,180,conflicting,train,Conflicting-train,50,7,626,98,3,2649
AVeriTeC,181,refute,dev,Refuted,162,24,851,141,2,2986
AVeriTeC,182,refute,dev,Refuted,130,19,708,117,3,2811
AVeriTeC,183,conflicting,train,Conflicting-train,72,12,847,154,6,2892
AVeriTeC,184,support,dev,Supported,88,14,294,57,1,2355
AVeriTeC,185,refute,dev,Refuted,208,34,2203,363,4,4384
AVeriTeC,186,support,dev,Supported,95,17,120,25,1,2188
AVeriTeC,187,refute,dev,Refuted,109,18,1315,239,5,3397
AVeriTeC,188,insufficient,dev,Not Enough Evidence,115,19,625,103,3,2713
AVeriTeC,189,refute,dev,Refuted,37,7,806,117,2,2816
AVeriTeC,190,insufficient,dev,Not Enough Evidence,87,15,380,67,1,2440
AVeriTeC,191,conflicting,train,Conflicting-train,88,18,487,92,5,2548
AVeriTeC,192,conflicting,train,Conflicting-train,130,24,2025,320,4,4128
AVeriTeC,193,conflicting,train,Conflicting-train,60,9,1497,229,4,3530
AVeriTeC,194,conflicting,dev,Conflicting-dev-all,141,19,1003,175,4,3117
AVeriTeC,195,conflicting,train,Conflicting-train,120,16,985,158,2,3078
AVeriTeC,196,support,dev,Supported,72,10,327,53,2,2372
AVeriTeC,197,conflicting,train,Conflicting-train,86,15,1500,265,3,3559
AVeriTeC,198,refute,dev,Refuted,185,31,1252,218,2,3410
AVeriTeC,199,conflicting,train,Conflicting-train,47,9,417,78,2,2437
AVeriTeC,200,insufficient,dev,Not Enough Evidence,125,20,4466,693,3,6564
AVeriTeC,201,conflicting,dev,Conflicting-dev-all,232,38,1542,247,4,3747
AVeriTeC,202,support,dev,Supported,78,13,366,65,2,2417
AVeriTeC,203,insufficient,dev,Not Enough Evidence,159,24,998,164,2,3130
AVeriTeC,204,conflicting,train,Conflicting-train,106,18,1978,281,2,4057
AVeriTeC,205,conflicting,train,Conflicting-train,90,13,349,56,1,2412
AVeriTeC,206,conflicting,train,Conflicting-train,73,11,608,101,3,2654
AVeriTeC,207,conflicting,train,Conflicting-train,46,6,420,73,2,2439
AVeriTeC,208,conflicting,dev,Conflicting-dev-all,160,27,861,157,3,2994
AVeriTeC,209,refute,dev,Refuted,117,21,1606,242,2,3696
AVeriTeC,210,support,dev,Supported,200,35,1215,196,2,3388
AVeriTeC,211,insufficient,dev,Not Enough Evidence,72,15,710,128,2,2755
AVeriTeC,212,refute,dev,Refuted,99,15,705,129,5,2777
AVeriTeC,213,conflicting,train,Conflicting-train,44,8,1348,234,3,3365
AVeriTeC,214,conflicting,dev,Conflicting-dev-all,174,26,267,42,1,2414
AVeriTeC,215,conflicting,dev,Conflicting-dev-all,125,23,583,99,3,2681
AVeriTeC,216,support,dev,Supported,140,25,328,58,3,2441
AVeriTeC,217,conflicting,train,Conflicting-train,23,3,770,126,4,2766
AVeriTeC,218,insufficient,dev,Not Enough Evidence,49,10,317,60,1,2339
AVeriTeC,219,conflicting,dev,Conflicting-dev-all,237,41,1447,214,2,3657
AVeriTeC,220,support,dev,Supported,85,14,346,56,1,2404
AVeriTeC,221,support,dev,Supported,111,15,239,34,1,2323
AVeriTeC,222,conflicting,train,Conflicting-train,42,7,907,155,2,2922
AVeriTeC,223,support,dev,Supported,130,21,1449,246,3,3552
AVeriTeC,224,refute,dev,Refuted,138,22,11491,1963,12,13602
AVeriTeC,225,refute,dev,Refuted,154,23,768,119,2,2895
AVeriTeC,226,support,dev,Supported,49,9,400,74,2,2422
AVeriTeC,227,support,dev,Supported,59,10,200,38,1,2232
AVeriTeC,228,conflicting,dev,Conflicting-dev-all,55,9,332,49,1,2360
AVeriTeC,229,support,dev,Supported,102,22,156,28,1,2231
AVeriTeC,230,refute,dev,Refuted,120,17,278,49,2,2371
AVeriTeC,231,conflicting,train,Conflicting-train,105,18,979,172,5,3057
AVeriTeC,232,insufficient,dev,Not Enough Evidence,72,15,1817,294,4,3862
AVeriTeC,233,conflicting,dev,Conflicting-dev-all,101,16,2468,393,7,4542
AVeriTeC,234,refute,dev,Refuted,182,26,374,66,1,2529
AVeriTeC,235,conflicting,train,Conflicting-train,59,10,3704,605,5,5736
AVeriTeC,236,refute,dev,Refuted,196,31,663,116,2,2832
AVeriTeC,237,insufficient,dev,Not Enough Evidence,111,17,60,12,1,2144
AVeriTeC,238,insufficient,dev,Not Enough Evidence,108,19,727,125,2,2808
AVeriTeC,239,support,dev,Supported,161,28,884,156,6,3018
AVeriTeC,240,conflicting,train,Conflicting-train,116,19,877,137,3,2966
AVeriTeC,241,refute,dev,Refuted,141,25,417,76,1,2531
AVeriTeC,242,conflicting,dev,Conflicting-dev-all,165,26,916,146,4,3054
AVeriTeC,243,conflicting,train,Conflicting-train,87,18,1379,240,4,3439
AVeriTeC,244,conflicting,train,Conflicting-train,70,10,610,102,3,2653
AVeriTeC,245,refute,dev,Refuted,89,16,537,93,2,2599
AVeriTeC,246,conflicting,dev,Conflicting-dev-all,153,24,330,61,2,2456
AVeriTeC,247,refute,dev,Refuted,113,19,290,49,1,2376
AVeriTeC,248,support,dev,Supported,122,22,105,21,1,2200
AVeriTeC,249,conflicting,train,Conflicting-train,34,6,234,46,1,2241
AVeriTeC,250,refute,dev,Refuted,126,24,228,42,1,2327
AVeriTeC,251,support,dev,Supported,82,15,579,98,2,2634
AVeriTeC,252,conflicting,train,Conflicting-train,80,13,692,121,3,2745
AVeriTeC,253,insufficient,dev,Not Enough Evidence,48,9,971,178,7,2992
AVeriTeC,254,conflicting,train,Conflicting-train,98,17,688,115,4,2759
AVeriTeC,255,conflicting,train,Conflicting-train,68,11,1645,280,2,3686
AVeriTeC,256,conflicting,train,Conflicting-train,173,33,1069,179,4,3215
AVeriTeC,257,conflicting,train,Conflicting-train,104,17,2462,415,8,4539
AVeriTeC,258,support,dev,Supported,81,15,293,46,1,2347
AVeriTeC,259,conflicting,train,Conflicting-train,48,9,645,123,3,2666
AVeriTeC,260,insufficient,dev,Not Enough Evidence,102,17,192,36,2,2267
AVeriTeC,261,conflicting,train,Conflicting-train,90,11,2272,332,6,4335
AVeriTeC,262,refute,dev,Refuted,51,10,2136,345,4,4160
AVeriTeC,263,conflicting,train,Conflicting-train,62,10,1046,187,7,3081
AVeriTeC,264,conflicting,train,Conflicting-train,39,8,585,103,2,2597
AVeriTeC,265,conflicting,train,Conflicting-train,62,12,477,82,3,2512
AVeriTeC,266,conflicting,dev,Conflicting-dev-all,53,7,737,123,3,2763
AVeriTeC,267,conflicting,train,Conflicting-train,242,35,1678,270,6,3893
AVeriTeC,268,insufficient,dev,Not Enough Evidence,136,20,1922,328,5,4031
AVeriTeC,269,conflicting,train,Conflicting-train,61,12,401,74,2,2435
AVeriTeC,270,conflicting,train,Conflicting-train,172,31,629,108,4,2774
AVeriTeC,271,refute,dev,Refuted,75,11,347,56,1,2395
AVeriTeC,272,refute,dev,Refuted,62,10,200,34,1,2235
AVeriTeC,273,support,dev,Supported,95,19,214,42,3,2282
AVeriTeC,274,support,dev,Supported,110,17,526,92,4,2609
AVeriTeC,275,conflicting,train,Conflicting-train,219,33,417,70,3,2609
AVeriTeC,276,support,dev,Supported,56,9,71,12,1,2100
AVeriTeC,277,support,dev,Supported,114,18,647,114,3,2734
AVeriTeC,278,conflicting,train,Conflicting-train,300,43,3418,519,5,5691
AVeriTeC,279,conflicting,dev,Conflicting-dev-all,81,13,566,97,3,2620
AVeriTeC,280,refute,dev,Refuted,49,7,91,14,1,2113
AVeriTeC,281,conflicting,train,Conflicting-train,107,15,1268,195,4,3348
AVeriTeC,282,conflicting,dev,Conflicting-dev-all,107,13,1974,317,4,4054
AVeriTeC,283,conflicting,train,Conflicting-train,58,10,1580,254,7,3611
AVeriTeC,284,insufficient,dev,Not Enough Evidence,66,13,172,35,2,2211
VitaminC-Mixed,0,conflicting,vitaminc-validation,mixed-composite,65,12,306,52,2,2344
VitaminC-Mixed,1,conflicting,vitaminc-validation,mixed-composite,58,12,146,26,2,2177
VitaminC-Mixed,2,conflicting,vitaminc-validation,mixed-composite,66,12,286,51,2,2325
VitaminC-Mixed,3,conflicting,vitaminc-validation,mixed-composite,54,9,329,59,2,2356
VitaminC-Mixed,4,conflicting,vitaminc-validation,mixed-composite,44,9,220,38,2,2237
VitaminC-Mixed,5,conflicting,vitaminc-validation,mixed-composite,80,14,476,90,2,2529
VitaminC-Mixed,6,conflicting,vitaminc-validation,mixed-composite,82,14,447,78,2,2502
VitaminC-Mixed,7,conflicting,vitaminc-validation,mixed-composite,52,11,223,38,2,2248
VitaminC-Mixed,8,conflicting,vitaminc-validation,mixed-composite,33,6,495,99,2,2501
VitaminC-Mixed,9,conflicting,vitaminc-validation,mixed-composite,39,7,508,91,2,2520
VitaminC-Mixed,10,conflicting,vitaminc-validation,mixed-composite,126,22,322,54,2,2421
VitaminC-Mixed,11,conflicting,vitaminc-validation,mixed-composite,61,11,314,54,2,2348
VitaminC-Mixed,12,conflicting,vitaminc-validation,mixed-composite,106,16,384,66,2,2463
VitaminC-Mixed,13,conflicting,vitaminc-validation,mixed-composite,98,20,278,54,2,2349
VitaminC-Mixed,14,conflicting,vitaminc-validation,mixed-composite,39,9,363,70,2,2375
VitaminC-Mixed,15,conflicting,vitaminc-validation,mixed-composite,84,16,162,32,2,2219
VitaminC-Mixed,16,conflicting,vitaminc-validation,mixed-composite,71,13,589,114,2,2633
VitaminC-Mixed,17,conflicting,vitaminc-validation,mixed-composite,74,17,166,37,2,2213
VitaminC-Mixed,18,conflicting,vitaminc-validation,mixed-composite,50,9,145,28,2,2168
VitaminC-Mixed,19,conflicting,vitaminc-validation,mixed-composite,169,29,388,70,2,2530
VitaminC-Mixed,20,conflicting,vitaminc-validation,mixed-composite,66,11,413,68,2,2452
VitaminC-Mixed,21,conflicting,vitaminc-validation,mixed-composite,58,11,351,65,2,2382
VitaminC-Mixed,22,conflicting,vitaminc-validation,mixed-composite,87,16,238,48,2,2298
VitaminC-Mixed,23,conflicting,vitaminc-validation,mixed-composite,64,13,314,60,2,2351
VitaminC-Mixed,24,conflicting,vitaminc-validation,mixed-composite,81,17,364,72,2,2418
VitaminC-Mixed,25,conflicting,vitaminc-validation,mixed-composite,49,9,306,52,2,2328
VitaminC-Mixed,26,conflicting,vitaminc-validation,mixed-composite,62,14,308,56,2,2343
VitaminC-Mixed,27,conflicting,vitaminc-validation,mixed-composite,64,13,280,55,2,2317
VitaminC-Mixed,28,conflicting,vitaminc-validation,mixed-composite,84,13,184,30,2,2241
VitaminC-Mixed,29,conflicting,vitaminc-validation,mixed-composite,89,13,260,46,2,2322
VitaminC-Mixed,30,conflicting,vitaminc-validation,mixed-composite,84,17,284,56,2,2341
VitaminC-Mixed,31,conflicting,vitaminc-validation,mixed-composite,84,16,432,92,2,2489
VitaminC-Mixed,32,conflicting,vitaminc-validation,mixed-composite,48,8,181,28,2,2202
VitaminC-Mixed,33,conflicting,vitaminc-validation,mixed-composite,77,12,316,54,2,2366
VitaminC-Mixed,34,conflicting,vitaminc-validation,mixed-composite,65,10,626,96,2,2664
VitaminC-Mixed,35,conflicting,vitaminc-validation,mixed-composite,79,15,164,34,2,2216
VitaminC-Mixed,36,conflicting,vitaminc-validation,mixed-composite,38,8,1078,193,2,3089
VitaminC-Mixed,37,conflicting,vitaminc-validation,mixed-composite,38,8,296,49,2,2307
VitaminC-Mixed,38,conflicting,vitaminc-validation,mixed-composite,54,10,281,52,2,2308
VitaminC-Mixed,39,conflicting,vitaminc-validation,mixed-composite,75,14,222,43,2,2270
VitaminC-Mixed,40,conflicting,vitaminc-validation,mixed-composite,62,11,262,50,2,2297
VitaminC-Mixed,41,conflicting,vitaminc-validation,mixed-composite,52,9,190,32,2,2215
VitaminC-Mixed,42,conflicting,vitaminc-validation,mixed-composite,67,13,225,44,2,2265
VitaminC-Mixed,43,conflicting,vitaminc-validation,mixed-composite,104,20,296,52,2,2373
VitaminC-Mixed,44,conflicting,vitaminc-validation,mixed-composite,31,5,308,59,2,2312
VitaminC-Mixed,45,conflicting,vitaminc-validation,mixed-composite,58,13,460,86,2,2491
VitaminC-Mixed,46,conflicting,vitaminc-validation,mixed-composite,52,9,505,83,2,2530
VitaminC-Mixed,47,conflicting,vitaminc-validation,mixed-composite,45,8,98,17,2,2116
VitaminC-Mixed,48,conflicting,vitaminc-validation,mixed-composite,52,7,455,68,2,2480
VitaminC-Mixed,49,conflicting,vitaminc-validation,mixed-composite,44,9,156,28,2,2173
VitaminC-Mixed,50,conflicting,vitaminc-validation,mixed-composite,58,10,176,34,2,2207
VitaminC-Mixed,51,conflicting,vitaminc-validation,mixed-composite,32,8,246,42,2,2251
VitaminC-Mixed,52,conflicting,vitaminc-validation,mixed-composite,66,14,238,52,2,2277
VitaminC-Mixed,53,conflicting,vitaminc-validation,mixed-composite,48,12,191,38,2,2212
VitaminC-Mixed,54,conflicting,vitaminc-validation,mixed-composite,43,8,343,60,2,2359
VitaminC-Mixed,55,conflicting,vitaminc-validation,mixed-composite,52,10,204,39,2,2229
VitaminC-Mixed,56,conflicting,vitaminc-validation,mixed-composite,48,9,167,34,2,2188
VitaminC-Mixed,57,conflicting,vitaminc-validation,mixed-composite,70,13,348,70,2,2391
VitaminC-Mixed,58,conflicting,vitaminc-validation,mixed-composite,69,13,232,47,2,2274
VitaminC-Mixed,59,conflicting,vitaminc-validation,mixed-composite,51,10,305,57,2,2329
VitaminC-Mixed,60,conflicting,vitaminc-validation,mixed-composite,115,19,304,56,2,2392
VitaminC-Mixed,61,conflicting,vitaminc-validation,mixed-composite,38,7,254,49,2,2265
VitaminC-Mixed,62,conflicting,vitaminc-validation,mixed-composite,48,9,483,92,2,2504
VitaminC-Mixed,63,conflicting,vitaminc-validation,mixed-composite,43,8,239,48,2,2255
VitaminC-Mixed,64,conflicting,vitaminc-validation,mixed-composite,30,6,219,40,2,2222
VitaminC-Mixed,65,conflicting,vitaminc-validation,mixed-composite,69,14,140,28,2,2182
VitaminC-Mixed,66,conflicting,vitaminc-validation,mixed-composite,65,12,425,78,2,2463
VitaminC-Mixed,67,conflicting,vitaminc-validation,mixed-composite,51,12,342,65,2,2366
VitaminC-Mixed,68,conflicting,vitaminc-validation,mixed-composite,94,15,610,134,2,2677
VitaminC-Mixed,69,conflicting,vitaminc-validation,mixed-composite,122,24,220,42,2,2315
VitaminC-Mixed,70,conflicting,vitaminc-validation,mixed-composite,73,16,240,52,2,2286
VitaminC-Mixed,71,conflicting,vitaminc-validation,mixed-composite,58,11,244,45,2,2275
VitaminC-Mixed,72,conflicting,vitaminc-validation,mixed-composite,62,13,237,45,2,2272
VitaminC-Mixed,73,conflicting,vitaminc-validation,mixed-composite,74,12,237,40,2,2284
VitaminC-Mixed,74,conflicting,vitaminc-validation,mixed-composite,44,9,523,93,2,2540
VitaminC-Mixed,75,conflicting,vitaminc-validation,mixed-composite,46,9,305,55,2,2324
VitaminC-Mixed,76,conflicting,vitaminc-validation,mixed-composite,63,12,133,30,2,2169
VitaminC-Mixed,77,conflicting,vitaminc-validation,mixed-composite,36,8,212,44,2,2221
VitaminC-Mixed,78,conflicting,vitaminc-validation,mixed-composite,72,13,176,38,2,2221
VitaminC-Mixed,79,conflicting,vitaminc-validation,mixed-composite,86,13,397,69,2,2456
VitaminC-Mixed,80,conflicting,vitaminc-validation,mixed-composite,52,10,486,86,2,2511
VitaminC-Mixed,81,conflicting,vitaminc-validation,mixed-composite,63,12,445,73,2,2481
VitaminC-Mixed,82,conflicting,vitaminc-validation,mixed-composite,121,25,444,88,2,2538
VitaminC-Mixed,83,conflicting,vitaminc-validation,mixed-composite,51,12,272,52,2,2296
VitaminC-Mixed,84,conflicting,vitaminc-validation,mixed-composite,85,15,186,32,2,2244
VitaminC-Mixed,85,conflicting,vitaminc-validation,mixed-composite,86,17,318,54,2,2377
VitaminC-Mixed,86,conflicting,vitaminc-validation,mixed-composite,38,5,257,49,2,2268
VitaminC-Mixed,87,conflicting,vitaminc-validation,mixed-composite,35,7,275,56,2,2283
VitaminC-Mixed,88,conflicting,vitaminc-validation,mixed-composite,57,10,335,63,2,2365
VitaminC-Mixed,89,conflicting,vitaminc-validation,mixed-composite,104,18,300,48,2,2377
VitaminC-Mixed,90,conflicting,vitaminc-validation,mixed-composite,48,9,241,39,2,2262
VitaminC-Mixed,91,conflicting,vitaminc-validation,mixed-composite,88,20,326,70,2,2387
VitaminC-Mixed,92,conflicting,vitaminc-validation,mixed-composite,78,13,140,24,2,2191
VitaminC-Mixed,93,conflicting,vitaminc-validation,mixed-composite,49,10,199,37,2,2221
VitaminC-Mixed,94,conflicting,vitaminc-validation,mixed-composite,74,13,324,56,2,2371
VitaminC-Mixed,95,conflicting,vitaminc-validation,mixed-composite,105,19,297,53,2,2375
VitaminC-Mixed,96,conflicting,vitaminc-validation,mixed-composite,87,15,669,125,2,2729
VitaminC-Mixed,97,conflicting,vitaminc-validation,mixed-composite,90,17,402,80,2,2465
VitaminC-Mixed,98,conflicting,vitaminc-validation,mixed-composite,69,12,283,51,2,2325
VitaminC-Mixed,99,conflicting,vitaminc-validation,mixed-composite,94,20,332,68,2,2399
VitaminC-Mixed,100,support,vitaminc-validation,pure-supports,69,13,56,11,1,2098
VitaminC-Mixed,101,support,vitaminc-validation,pure-supports,119,18,110,19,1,2202
VitaminC-Mixed,102,support,vitaminc-validation,pure-supports,54,9,110,20,1,2137
VitaminC-Mixed,103,support,vitaminc-validation,pure-supports,95,17,101,19,1,2169
VitaminC-Mixed,104,support,vitaminc-validation,pure-supports,36,7,131,26,1,2140
VitaminC-Mixed,105,support,vitaminc-validation,pure-supports,29,6,154,26,1,2156
VitaminC-Mixed,106,support,vitaminc-validation,pure-supports,47,8,93,18,1,2113
VitaminC-Mixed,107,support,vitaminc-validation,pure-supports,41,7,166,25,1,2180
VitaminC-Mixed,108,support,vitaminc-validation,pure-supports,31,6,145,25,1,2149
VitaminC-Mixed,109,support,vitaminc-validation,pure-supports,66,11,100,18,1,2139
VitaminC-Mixed,110,support,vitaminc-validation,pure-supports,79,15,136,28,1,2188
VitaminC-Mixed,111,support,vitaminc-validation,pure-supports,69,14,112,20,1,2154
VitaminC-Mixed,112,support,vitaminc-validation,pure-supports,75,14,188,34,1,2236
VitaminC-Mixed,113,support,vitaminc-validation,pure-supports,49,9,173,32,1,2195
VitaminC-Mixed,114,support,vitaminc-validation,pure-supports,73,14,135,27,1,2181
VitaminC-Mixed,115,support,vitaminc-validation,pure-supports,66,12,148,26,1,2187
VitaminC-Mixed,116,support,vitaminc-validation,pure-supports,107,20,328,53,1,2408
VitaminC-Mixed,117,support,vitaminc-validation,pure-supports,73,16,162,30,1,2208
VitaminC-Mixed,118,support,vitaminc-validation,pure-supports,114,20,178,32,1,2265
VitaminC-Mixed,119,support,vitaminc-validation,pure-supports,49,11,144,27,1,2166
VitaminC-Mixed,120,support,vitaminc-validation,pure-supports,18,5,100,19,1,2091
VitaminC-Mixed,121,support,vitaminc-validation,pure-supports,55,13,65,12,1,2093
VitaminC-Mixed,122,support,vitaminc-validation,pure-supports,53,10,80,15,1,2106
VitaminC-Mixed,123,support,vitaminc-validation,pure-supports,79,13,173,31,1,2225
VitaminC-Mixed,124,support,vitaminc-validation,pure-supports,28,4,134,23,1,2135
VitaminC-Mixed,125,support,vitaminc-validation,pure-supports,43,10,115,23,1,2131
VitaminC-Mixed,126,support,vitaminc-validation,pure-supports,54,11,107,24,1,2134
VitaminC-Mixed,127,support,vitaminc-validation,pure-supports,72,14,137,28,1,2182
VitaminC-Mixed,128,support,vitaminc-validation,pure-supports,68,13,322,57,1,2363
VitaminC-Mixed,129,support,vitaminc-validation,pure-supports,59,12,111,24,1,2143
VitaminC-Mixed,130,support,vitaminc-validation,pure-supports,18,5,128,23,1,2119
VitaminC-Mixed,131,support,vitaminc-validation,pure-supports,87,15,192,36,1,2252
VitaminC-Mixed,132,support,vitaminc-validation,pure-supports,77,14,67,13,1,2117
VitaminC-Mixed,133,support,vitaminc-validation,pure-supports,29,5,80,15,1,2082
VitaminC-Mixed,134,support,vitaminc-validation,pure-supports,44,9,105,21,1,2122
VitaminC-Mixed,135,support,vitaminc-validation,pure-supports,38,7,213,32,1,2224
VitaminC-Mixed,136,support,vitaminc-validation,pure-supports,31,7,125,24,1,2129
VitaminC-Mixed,137,support,vitaminc-validation,pure-supports,31,7,69,14,1,2073
VitaminC-Mixed,138,support,vitaminc-validation,pure-supports,86,15,135,28,1,2194
VitaminC-Mixed,139,support,vitaminc-validation,pure-supports,64,12,202,38,1,2239
VitaminC-Mixed,140,support,vitaminc-validation,pure-supports,68,12,137,22,1,2178
VitaminC-Mixed,141,support,vitaminc-validation,pure-supports,77,14,141,25,1,2191
VitaminC-Mixed,142,support,vitaminc-validation,pure-supports,58,11,188,33,1,2219
VitaminC-Mixed,143,support,vitaminc-validation,pure-supports,91,20,235,48,1,2299
VitaminC-Mixed,144,support,vitaminc-validation,pure-supports,92,19,119,24,1,2184
VitaminC-Mixed,145,support,vitaminc-validation,pure-supports,37,8,376,66,1,2386
VitaminC-Mixed,146,support,vitaminc-validation,pure-supports,30,8,131,26,1,2134
VitaminC-Mixed,147,support,vitaminc-validation,pure-supports,41,8,202,38,1,2216
VitaminC-Mixed,148,support,vitaminc-validation,pure-supports,88,16,138,27,1,2199
VitaminC-Mixed,149,support,vitaminc-validation,pure-supports,50,10,42,9,1,2065
VitaminC-Mixed,150,refute,vitaminc-validation,pure-refutes,69,13,126,21,1,2168
VitaminC-Mixed,151,refute,vitaminc-validation,pure-refutes,22,5,220,38,1,2215
VitaminC-Mixed,152,refute,vitaminc-validation,pure-refutes,49,10,76,17,1,2098
VitaminC-Mixed,153,refute,vitaminc-validation,pure-refutes,59,12,93,19,1,2125
VitaminC-Mixed,154,refute,vitaminc-validation,pure-refutes,54,9,226,40,1,2253
VitaminC-Mixed,155,refute,vitaminc-validation,pure-refutes,56,10,66,13,1,2095
VitaminC-Mixed,156,refute,vitaminc-validation,pure-refutes,49,8,150,30,1,2172
VitaminC-Mixed,157,refute,vitaminc-validation,pure-refutes,87,15,115,22,1,2175
VitaminC-Mixed,158,refute,vitaminc-validation,pure-refutes,49,9,56,12,1,2078
VitaminC-Mixed,159,refute,vitaminc-validation,pure-refutes,44,7,134,26,1,2151
VitaminC-Mixed,160,refute,vitaminc-validation,pure-refutes,82,15,90,17,1,2145
VitaminC-Mixed,161,refute,vitaminc-validation,pure-refutes,74,16,107,24,1,2154
VitaminC-Mixed,162,refute,vitaminc-validation,pure-refutes,59,11,101,24,1,2133
VitaminC-Mixed,163,refute,vitaminc-validation,pure-refutes,49,8,99,15,1,2121
VitaminC-Mixed,164,refute,vitaminc-validation,pure-refutes,38,8,149,31,1,2160
VitaminC-Mixed,165,refute,vitaminc-validation,pure-refutes,28,6,154,29,1,2155
VitaminC-Mixed,166,refute,vitaminc-validation,pure-refutes,53,10,68,12,1,2094
VitaminC-Mixed,167,refute,vitaminc-validation,pure-refutes,40,8,56,10,1,2069
VitaminC-Mixed,168,refute,vitaminc-validation,pure-refutes,38,6,168,32,1,2179
VitaminC-Mixed,169,refute,vitaminc-validation,pure-refutes,70,14,211,43,1,2254
VitaminC-Mixed,170,refute,vitaminc-validation,pure-refutes,47,8,155,29,1,2175
VitaminC-Mixed,171,refute,vitaminc-validation,pure-refutes,44,7,110,21,1,2127
VitaminC-Mixed,172,refute,vitaminc-validation,pure-refutes,36,7,224,39,1,2233
VitaminC-Mixed,173,refute,vitaminc-validation,pure-refutes,53,8,182,37,1,2208
VitaminC-Mixed,174,refute,vitaminc-validation,pure-refutes,120,22,89,16,1,2182
VitaminC-Mixed,175,refute,vitaminc-validation,pure-refutes,48,10,115,21,1,2136
VitaminC-Mixed,176,refute,vitaminc-validation,pure-refutes,31,6,171,37,1,2175
VitaminC-Mixed,177,refute,vitaminc-validation,pure-refutes,48,8,276,51,1,2297
VitaminC-Mixed,178,refute,vitaminc-validation,pure-refutes,41,9,169,33,1,2183
VitaminC-Mixed,179,refute,vitaminc-validation,pure-refutes,61,12,273,50,1,2307
VitaminC-Mixed,180,refute,vitaminc-validation,pure-refutes,31,6,231,43,1,2235
VitaminC-Mixed,181,refute,vitaminc-validation,pure-refutes,83,14,137,22,1,2193
VitaminC-Mixed,182,refute,vitaminc-validation,pure-refutes,82,14,115,21,1,2170
VitaminC-Mixed,183,refute,vitaminc-validation,pure-refutes,62,12,197,38,1,2232
VitaminC-Mixed,184,refute,vitaminc-validation,pure-refutes,62,13,125,22,1,2160
VitaminC-Mixed,185,refute,vitaminc-validation,pure-refutes,84,15,259,47,1,2316
VitaminC-Mixed,186,refute,vitaminc-validation,pure-refutes,60,11,112,18,1,2145
VitaminC-Mixed,187,refute,vitaminc-validation,pure-refutes,57,11,124,27,1,2154
VitaminC-Mixed,188,refute,vitaminc-validation,pure-refutes,45,9,123,23,1,2141
VitaminC-Mixed,189,refute,vitaminc-validation,pure-refutes,79,14,258,42,1,2310
VitaminC-Mixed,190,refute,vitaminc-validation,pure-refutes,72,14,252,47,1,2297
VitaminC-Mixed,191,refute,vitaminc-validation,pure-refutes,34,7,71,12,1,2078
VitaminC-Mixed,192,refute,vitaminc-validation,pure-refutes,55,11,165,33,1,2193
VitaminC-Mixed,193,refute,vitaminc-validation,pure-refutes,26,7,231,37,1,2230
VitaminC-Mixed,194,refute,vitaminc-validation,pure-refutes,58,11,80,14,1,2111
VitaminC-Mixed,195,refute,vitaminc-validation,pure-refutes,43,7,153,29,1,2169
VitaminC-Mixed,196,refute,vitaminc-validation,pure-refutes,52,11,193,33,1,2218
VitaminC-Mixed,197,refute,vitaminc-validation,pure-refutes,148,28,168,34,1,2289
VitaminC-Mixed,198,refute,vitaminc-validation,pure-refutes,48,9,68,14,1,2089
VitaminC-Mixed,199,refute,vitaminc-validation,pure-refutes,29,7,66,13,1,2068
VitaminC-Mixed,200,insufficient,vitaminc-validation,pure-nei,76,16,98,22,1,2147
VitaminC-Mixed,201,insufficient,vitaminc-validation,pure-nei,144,20,110,17,1,2227
VitaminC-Mixed,202,insufficient,vitaminc-validation,pure-nei,66,11,65,11,1,2104
VitaminC-Mixed,203,insufficient,vitaminc-validation,pure-nei,88,16,91,18,1,2152
VitaminC-Mixed,204,insufficient,vitaminc-validation,pure-nei,153,29,111,18,1,2237
VitaminC-Mixed,205,insufficient,vitaminc-validation,pure-nei,54,9,225,38,1,2252
VitaminC-Mixed,206,insufficient,vitaminc-validation,pure-nei,85,16,59,12,1,2117
VitaminC-Mixed,207,insufficient,vitaminc-validation,pure-nei,87,17,106,22,1,2166
VitaminC-Mixed,208,insufficient,vitaminc-validation,pure-nei,51,11,130,26,1,2154
VitaminC-Mixed,209,insufficient,vitaminc-validation,pure-nei,68,14,89,18,1,2130
VitaminC-Mixed,210,insufficient,vitaminc-validation,pure-nei,142,25,176,30,1,2291
VitaminC-Mixed,211,insufficient,vitaminc-validation,pure-nei,47,8,324,59,1,2344
VitaminC-Mixed,212,insufficient,vitaminc-validation,pure-nei,108,20,118,17,1,2199
VitaminC-Mixed,213,insufficient,vitaminc-validation,pure-nei,101,18,104,16,1,2178
VitaminC-Mixed,214,insufficient,vitaminc-validation,pure-nei,42,8,198,36,1,2213
VitaminC-Mixed,215,insufficient,vitaminc-validation,pure-nei,75,14,91,18,1,2139
VitaminC-Mixed,216,insufficient,vitaminc-validation,pure-nei,81,13,120,25,1,2174
VitaminC-Mixed,217,insufficient,vitaminc-validation,pure-nei,109,21,91,15,1,2173
VitaminC-Mixed,218,insufficient,vitaminc-validation,pure-nei,126,22,101,19,1,2200
VitaminC-Mixed,219,insufficient,vitaminc-validation,pure-nei,83,16,90,20,1,2146
VitaminC-Mixed,220,insufficient,vitaminc-validation,pure-nei,47,8,57,10,1,2077
VitaminC-Mixed,221,insufficient,vitaminc-validation,pure-nei,105,19,270,49,1,2348
VitaminC-Mixed,222,insufficient,vitaminc-validation,pure-nei,110,19,95,16,1,2178
VitaminC-Mixed,223,insufficient,vitaminc-validation,pure-nei,40,7,146,29,1,2159
VitaminC-Mixed,224,insufficient,vitaminc-validation,pure-nei,92,19,84,16,1,2149
VitaminC-Mixed,225,insufficient,vitaminc-validation,pure-nei,52,11,124,22,1,2149
VitaminC-Mixed,226,insufficient,vitaminc-validation,pure-nei,145,29,92,19,1,2210
VitaminC-Mixed,227,insufficient,vitaminc-validation,pure-nei,151,30,124,25,1,2248
VitaminC-Mixed,228,insufficient,vitaminc-validation,pure-nei,124,22,181,33,1,2278
VitaminC-Mixed,229,insufficient,vitaminc-validation,pure-nei,107,16,318,54,1,2398
VitaminC-Mixed,230,insufficient,vitaminc-validation,pure-nei,61,13,132,25,1,2166
VitaminC-Mixed,231,insufficient,vitaminc-validation,pure-nei,72,14,175,36,1,2220
VitaminC-Mixed,232,insufficient,vitaminc-validation,pure-nei,88,18,137,27,1,2198
VitaminC-Mixed,233,insufficient,vitaminc-validation,pure-nei,124,23,89,18,1,2186
VitaminC-Mixed,234,insufficient,vitaminc-validation,pure-nei,51,11,233,45,1,2257
VitaminC-Mixed,235,insufficient,vitaminc-validation,pure-nei,60,13,94,17,1,2127
VitaminC-Mixed,236,insufficient,vitaminc-validation,pure-nei,54,11,104,19,1,2131
VitaminC-Mixed,237,insufficient,vitaminc-validation,pure-nei,138,20,91,14,1,2202
VitaminC-Mixed,238,insufficient,vitaminc-validation,pure-nei,87,17,387,71,1,2447
VitaminC-Mixed,239,insufficient,vitaminc-validation,pure-nei,33,6,81,16,1,2087
VitaminC-Mixed,240,insufficient,vitaminc-validation,pure-nei,155,27,203,32,1,2331
VitaminC-Mixed,241,insufficient,vitaminc-validation,pure-nei,69,11,114,20,1,2156
VitaminC-Mixed,242,insufficient,vitaminc-validation,pure-nei,123,22,112,22,1,2208
VitaminC-Mixed,243,insufficient,vitaminc-validation,pure-nei,61,13,73,13,1,2107
VitaminC-Mixed,244,insufficient,vitaminc-validation,pure-nei,88,18,175,32,1,2236
VitaminC-Mixed,245,insufficient,vitaminc-validation,pure-nei,28,6,112,22,1,2113
VitaminC-Mixed,246,insufficient,vitaminc-validation,pure-nei,85,15,66,13,1,2124
VitaminC-Mixed,247,insufficient,vitaminc-validation,pure-nei,75,12,156,31,1,2204
VitaminC-Mixed,248,insufficient,vitaminc-validation,pure-nei,132,22,144,28,1,2249
VitaminC-Mixed,249,insufficient,vitaminc-validation,pure-nei,49,10,87,20,1,2109
